,titles,descriptions,links,yogunlasma,harf_uzunlugu,kelime_sayisi
0,In Haarlem aangetroffen overleden man was een Arubaan,"De overleden man die vorige week werd aangetroffen in het meer de Mooie Nel in Haarlem was een 31-jarige Arubaan, bevestigt de politie woensdag na berichtgeving van Arubaanse media. Het ging om Gregori Lindomar Maduro, die ook wel Greg of Lindomar werd genoemd.",https://www.nu.nl/binnenland/6044860/in-haarlem-aangetroffen-overleden-man-was-een-arubaan.html,0.0,261,43
1,Zo ziet het coronaziekenhuis in Ahoy Rotterdam er van binnen uit,In Ahoy Rotterdam zou op dit moment eigenlijk de opbouw voor het Songfestival in volle gang zijn. Twee evenementenhallen zijn nu echter ingericht als zorgcentrum voor coronapatiënten. Zo ziet het er van binnen uit.,https://www.nu.nl/algemeen/6045035/zo-ziet-het-coronaziekenhuis-in-ahoy-rotterdam-er-van-binnen-uit.html,0.0,214,34
2,Aantal ic-patiënten daalt voor vierde dag op rij en zakt onder 1.300,"Het aantal Nederlandse coronapatiënten op de intensive care (ic) is voor de vierde dag op rij gedaald. In totaal 1.279 patiënten liggen op de intensive care, maakt Ernst Kuipers, voorzitter van het Landelijk Netwerk Acute Zorg (LNAZ), woensdagmiddag bekend.",https://www.nu.nl/coronavirus/6044934/aantal-ic-patienten-daalt-voor-vierde-dag-op-rij-en-zakt-onder-1300.html,0.6,257,39
3,OM: Berichten van Naoufal F. vormen bewijs tegen 'Rico de Chileen',Het Openbaar Ministerie (OM) heeft woensdag in de rechtbank van Amsterdam laten weten dat berichten op de telefoon van Naoufal F. de verdenking tegen Richard R. (beter bekend als 'Rico de Chileen') verstevigen dat hij betrokken is bij liquidaties en drugshandel.,https://www.nu.nl/binnenland/6044936/om-berichten-van-naoufal-f-vormen-bewijs-tegen-rico-de-chileen.html,0.0,262,41
4,Goed nieuws: Woningsdag | Zeldzame wrattenzwijntjes geboren,"Door het slechte nieuws dat meestal de voorpagina van NU.nl domineert, valt het goede nieuws vaak weg. Daarom maken we een overzicht van positief nieuws.",https://www.nu.nl/coronavirus/6044883/goed-nieuws-woningsdag-zeldzame-wrattenzwijntjes-geboren.html,0.0,153,25
5,Willem-Alexander verrast basisschoolleerlingen tijdens online les,"Koning Willem-Alexander verraste woensdag de leerlingen van basisschool De Fontein in Den Haag. De koning bezocht de school om meer te horen over de gevolgen van de coronacrisis voor het onderwijs. Leraren van De Fontein geven dagelijks les via een videoverbinding, vanuit huis of vanuit de school.",https://www.nu.nl/algemeen/6044983/willem-alexander-verrast-basisschoolleerlingen-tijdens-online-les.html,0.0,298,47
6,Jeugdzorg ziet aantal meldingen over kindermishandeling niet toenemen,"Jeugdzorg Nederland ziet het aantal meldingen over kindermishandeling niet toenemen door de coronacrisis, laat een woordvoerder woensdag aan NU.nl weten na een rondgang door persbureau ANP. Wel vreest Jeugdzorg dat problemen onopgemerkt blijven.",https://www.nu.nl/coronavirus/6044918/jeugdzorg-ziet-aantal-meldingen-over-kindermishandeling-niet-toenemen.html,0.0,245,33
7,Willem-Alexander verrast basisschoolleerlingen tijdens online les,"Koning Willem-Alexander verraste woensdag de leerlingen van basisschool De Fontein in Den Haag. De koning bezocht de school om meer te horen over de gevolgen van de coronacrisis voor het onderwijs. Leraren van De Fontein geven dagelijks les via een videoverbinding, vanuit huis of vanuit de school.",https://www.nu.nl/binnenland/6044922/willem-alexander-verrast-basisschoolleerlingen-tijdens-online-les.html,0.0,298,47
8,Veroordeelde moordenaar van man in Bredase flat meldt zich bij politie,"Azzedine A., een van de mannen die werd veroordeeld voor de moord op een slapende man in een flat in Breda, heeft zich woensdag bij de politie gemeld. A. was evenals mededader Anel B. onvindbaar nadat de rechtbank hen eerder deze maand twintig jaar celstraf oplegde. De politie deelde daarom dinsdag beelden van de mannen in de uitzending van Opsporing Verzocht.",https://www.nu.nl/binnenland/6044912/veroordeelde-moordenaar-van-man-in-bredase-flat-meldt-zich-bij-politie.html,-0.025,362,61
9,RIVM: Meer doden (189) gemeld dan dinsdag door vertraagde registratie,"Het Rijksinstituut voor Volksgezondheid en Milieu (RIVM) meldt woensdag in de dagelijkse update 189 nieuwe sterfgevallen als gevolg van het coronavirus. Dat is meer dan een dag eerder (122) en een week eerder (147), wat mogelijk komt door een vertraagde registratie rond Pasen. Het aantal nieuwe ziekenhuisopnames is met 188 verder gedaald.",https://www.nu.nl/coronavirus/6044915/rivm-meer-doden-189-gemeld-dan-dinsdag-door-vertraagde-registratie.html,0.0,340,52
10,Overvallers bedreigen en mishandelen medewerkers Amsterdamse KFC,De politie heeft dinsdagavond beelden gedeeld van een overval op een Kentucky Fried Chicken (KFC) in Amsterdam. Twee medewerkers van het filiaal in het stadsdeel Bos en Lommer werden op 21 december 2019 bedreigd en mishandeld.,https://www.nu.nl/binnenland/6044863/overvallers-bedreigen-en-mishandelen-medewerkers-amsterdamse-kfc.html,-0.6,226,36
11,Verdachten van leveren wapens voor viervoudige moord Enschede vrijgelaten,Drie verdachten die betrokken zouden zijn geweest bij het leveren van de wapens aan de hoofdverdachten van een viervoudige moord in Enschede zijn woensdag door de rechtbank in Overijssel op vrije voeten gesteld.,https://www.nu.nl/binnenland/6044859/verdachten-van-leveren-wapens-voor-viervoudige-moord-enschede-vrijgelaten.html,0.0,211,33
12,Vakbond wil spoedprocedure voor bewapening boa's in coronacrisis,De Nederlandse Boa Bond (NBB) vindt dat minister Ferd Grapperhaus (Justitie en Veiligheid) er met een spoedprocedure voor moet zorgen dat bui­ten­ge­woon op­sporings­amb­te­naren (boa's) worden bewapend met een wapenstok en pepperspray. NBB-voorzitter Ruud Kuin vraagt hierom in een brief aan de minister.,https://www.nu.nl/binnenland/6044813/vakbond-wil-spoedprocedure-voor-bewapening-boas-in-coronacrisis.html,0.0,305,42
13,Politie deelt beelden van brandstichter bij zendmast,De politie deelde dinsdagavond beelden van de dader die vrijdag een zendmast in Groningen in brand heeft gestoken. De politie is op zoek naar de man.,https://www.nu.nl/algemeen/6044803/politie-deelt-beelden-van-brandstichter-bij-zendmast.html,0.0,149,26
14,Koningsdag wordt Woningsdag met digitale kleedjesmarkt en thuistoost,"De Koninklijke Bond van Oranjeverenigingen (KBOV) heeft een alternatief programma gepresenteerd om in tijden van social distancing op 27 april toch Koningsdag te kunnen vieren. Dat gebeurt met onder meer een digitale kleedjesmarkt en een thuistoost, zo meldt de bond woensdag.",https://www.nu.nl/coronavirus/6044801/koningsdag-wordt-woningsdag-met-digitale-kleedjesmarkt-en-thuistoost.html,0.03333333333333333,276,41
15,'Nederland negeerde adviezen over internationale aanpak pandemie',"De Nederlandse regering heeft in de afgelopen jaren tot drie keer toe niets gedaan met dringende adviezen om met een plan van aanpak te komen voor als er een wereldwijde pandemie uitbreekt, zo blijkt woensdag uit een reconstructie van Trouw.",https://www.nu.nl/coronavirus/6044797/nederland-negeerde-adviezen-over-internationale-aanpak-pandemie.html,0.0,241,40
16,Politie op zoek naar veroordeelde moordenaars van man in Bredase flat,"De politie is dringend op zoek naar twee mannen die begin 2018 een slapende man om het leven hebben gebracht in een flat in Breda en bekendstaan als de 'flatspringers'. De twee zijn op 9 april veroordeeld voor moord, maar zijn inmiddels spoorloos verdwenen. De politie vroeg dinsdagavond via het programma Opsporing Verzocht om tips.",https://www.nu.nl/binnenland/6044795/politie-op-zoek-naar-veroordeelde-moordenaars-van-man-in-bredase-flat.html,-0.025,333,55
17,Afgelopen jaar kwart meer twintigers en dertigers omgekomen in verkeer,"In 2019 zijn er in Nederland in totaal 661 mensen overleden door een verkeersongeval. Dat meldt het Centraal Bureau voor de Statistiek (CBS) woensdag. Het aantal dodelijke verkeersslachtoffers onder twintigers en dertigers nam met 24 procent toe, van 147 in 2018 tot 183 in 2019.",https://www.nu.nl/binnenland/6044773/afgelopen-jaar-kwart-meer-twintigers-en-dertigers-omgekomen-in-verkeer.html,0.0,279,45
18,Politie deelt beelden van brandstichting bij Groningse zendmast,De politie heeft beelden gedeeld van een man die een zendmast in Groningen in brand steekt met benzine. Meerdere zendmasten stonden de afgelopen dagen in binnen- en buitenland in brand. Mogelijk gaat het om brandstichting vanwege zorgen om de uitrol van het 5G-netwerk.,https://www.nu.nl/binnenland/6044779/politie-deelt-beelden-van-brandstichting-bij-groningse-zendmast.html,0.0,269,43
0,'Ruim 5300 besmettingen in verpleeghuizen',Uit onderzoek van NRC blijkt dat er ruim 5300 corona-besmettingen zijn in verpleeghuizen. De krant baseert dat op elektronische patiëntendossiersystemen.,https://www.nos.nl/artikel/2330605-ruim-5300-besmettingen-in-verpleeghuizen.html,0.0,153,20
1,'Immuniteit zeer bepalend voor komende jaren' ,"We krijgen mogelijk nog jarenlang te maken met uitbraken van het coronavirus. Veel hangt daarbij af van de mate waarin we immuniteit opbouwen, stellen onderzoekers.",https://www.nos.nl/artikel/2330596-immuniteit-zeer-bepalend-voor-komende-jaren.html,0.0,164,25
2,Beademingsapparaat uit jaren 60 blijkt nuttig in coronacrisis,"Een beademingsapparaat uit de jaren 60 van museum Boerhaave, is volledig gedemonteerd en nagemaakt. Het blijkt zeer nuttig bij de behandeling van coronapatiënten. ",https://www.nos.nl/artikel/2330593-beademingsapparaat-uit-jaren-60-blijkt-nuttig-in-coronacrisis.html,0.0,163,23
3,Bekijk hier de persconferentie over de stand van zaken van de coronacrisis,Premier Rutte en minister De Jonge geven een persconferentie na het crisisoverleg van het kabinet. De persconferentie is te volgen op deze kanalen.,https://www.nos.nl/artikel/2330583-bekijk-hier-de-persconferentie-over-de-stand-van-zaken-van-de-coronacrisis.html,0.0,147,23
4,"Belgen vinden Nederlandse corona-aanpak laks, maar cijfers zijn niet beter",De trend in ziekenhuisopnames in Nederland en België ziet er in grote lijnen hetzelfde uit. Toch zijn de maatregelen in België strenger. Hoe kan dat? ,https://www.nos.nl/artikel/2330579-belgen-vinden-nederlandse-corona-aanpak-laks-maar-cijfers-zijn-niet-beter.html,0.0,150,25
5,"Nederland krijgt toezegging voor 2,7 miljoen testen, maar is het genoeg?",Als de materialen daadwerkelijk geleverd worden kunnen daarmee de komende zes maanden bijna 14.000 testen per dag worden gedaan.,https://www.nos.nl/artikel/2330578-nederland-krijgt-toezegging-voor-2-7-miljoen-testen-maar-is-het-genoeg.html,0.0,128,19
6,'Service en persoonlijk contact met treinreizigers zijn in een klap weg',"De NOS volgt mensen die werken in vitale beroepen tijdens de coronacrisis. Vandaag Thurstan Saridjo, hoofdconducteur bij de NS.",https://www.nos.nl/artikel/2330566-service-en-persoonlijk-contact-met-treinreizigers-zijn-in-een-klap-weg.html,0.0,127,19
7,Coronacijfers van 15 april: 1 op 5 IC-patiënten inmiddels overleden,Van alle ruim 2500 coronapatienten die zijn opgenomen op de intensive care ligt ongeveer de helft er nog. Een vijfde is inmiddels overleden. ,https://www.nos.nl/artikel/2330553-coronacijfers-van-15-april-1-op-5-ic-patienten-inmiddels-overleden.html,0.0,141,23
8,Tientallen tips over brandstichter zendmast Groningen,Beelden van de man waren gisteravond te zien in het tv-programma Opsporing Verzocht.,https://www.nos.nl/artikel/2330551-tientallen-tips-over-brandstichter-zendmast-groningen.html,0.0,84,13
9,Effecten coronamaatregelen mogelijk tot 2025 merkbaar op de weg,"Hoe langer de coronacrisis duurt, hoe meer effect die zal hebben op het wegverkeer in Nederland, verwacht het Kennisinstituut voor Mobiliteitsbeleid.",https://www.nos.nl/artikel/2330546-effecten-coronamaatregelen-mogelijk-tot-2025-merkbaar-op-de-weg.html,0.0,149,21
10,Deze vloggers vertellen over leven met een beperking in coronatijd,Jongeren met een beperking hebben door de coronacrisis weinig contact met de buitenwereld. Daarom is er voor hen nu een speciaal platform waarop ze kunnen vloggen.,https://www.nos.nl/artikel/2330545-deze-vloggers-vertellen-over-leven-met-een-beperking-in-coronatijd.html,0.0,163,26
11,'Mijn collega ligt hier nu zelf op de IC. Dat sloeg echt in als een bom' ,"De NOS volgt zorgmedewerkers die werken in de frontlinie van de coronacrisis. Vandaag Frans Kremers, IC-verpleegkundige in het Catharina Ziekenhuis in Eindhoven.",https://www.nos.nl/artikel/2330534-mijn-collega-ligt-hier-nu-zelf-op-de-ic-dat-sloeg-echt-in-als-een-bom.html,0.0,161,22
12,"Kernenergie kan helpen bij aanpak klimaat, maar dat gaat wel wat kosten",Het bouwen van een nieuwe kerncentrale is duurder dan zonne- en windenergie. Tenzij de overheid garant staat voor de financiële risico's en kernenergie voorrang krijgt op het elektriciteitsnet.,https://www.nos.nl/artikel/2330528-kernenergie-kan-helpen-bij-aanpak-klimaat-maar-dat-gaat-wel-wat-kosten.html,0.0,193,28
13,Veel meer twintigers en dertigers omgekomen bij verkeersongelukken,De meeste slachtoffers zaten in een auto. Het totaal aantal verkeersdoden daalde vorig jaar juist.,https://www.nos.nl/artikel/2330523-veel-meer-twintigers-en-dertigers-omgekomen-bij-verkeersongelukken.html,0.0,98,15
14,Wekdienst 15/4: Persconferentie kabinet over coronamaatregelen • Verkiezingen in Zuid-Korea,"Nieuws, weer, verkeer: met dit overzicht begin je geïnformeerd aan de dag.",https://www.nos.nl/artikel/2330512-wekdienst-15-4-persconferentie-kabinet-over-coronamaatregelen-verkiezingen-in-zuid-korea.html,0.0,74,12
15,Huurders niet duurder uit met warmtenet in plaats van gas,De eerste 100.000 huizen gaan versneld van het gas af. Woningcorporaties en warmtebedrijven garanderen dat de operatie kostenneutraal is voor de huurders.,https://www.nos.nl/artikel/2330510-huurders-niet-duurder-uit-met-warmtenet-in-plaats-van-gas.html,0.0,154,22
16,Huidige pandemie zit tentoonstelling over epidemieën in de weg,Twee jaar was er aan de tentoonstelling gewerkt. Nu gaat hij niet door wegens een heersende pandemie. De ironie ontgaat museumdirecteur Haarhuis niet.,https://www.nos.nl/artikel/2330509-huidige-pandemie-zit-tentoonstelling-over-epidemieen-in-de-weg.html,0.0,150,23
17,Corona maakt van Koningsdag dit jaar Woningsdag,Samen thuis het Wilhelmus zingen en om vier uur met zijn allen een toost op de koning uitbrengen. ,https://www.nos.nl/artikel/2330500-corona-maakt-van-koningsdag-dit-jaar-woningsdag.html,0.0,98,18
18,Duizenden gebruikers Marktplaats geraakt door storing,Gebruikers zeggen dat ze ten onrechte zijn geblokkeerd en als fraudeurs aangemerkt. ,https://www.nos.nl/artikel/2330498-duizenden-gebruikers-marktplaats-geraakt-door-storing.html,0.0,84,12
19,"Twee veroordeelde moordenaars uit Breda spoorloos, politie vraagt tips","Vorige week donderdag werden ze veroordeeld tot 20 jaar gevangenisstraf, maar nu zijn ze niet meer te vinden.",https://www.nos.nl/artikel/2330496-twee-veroordeelde-moordenaars-uit-breda-spoorloos-politie-vraagt-tips.html,0.0,109,18
20,Meer dan 25.000 coronadoden in VS • Bonden: trein alleen voor cruciale beroepen,Lees hier al het coronanieuws van dinsdag 14 april.,https://www.nos.nl/liveblog/2330400-meer-dan-25-000-coronadoden-in-vs-bonden-trein-alleen-voor-cruciale-beroepen.html,0.0,51,9
21,Dader brandstichting zendmast Groningen vastgelegd op bewakingsbeelden,Op de beelden is te zien dat een man vloeistof uit een jerrycan aan de voet van de mast giet en er vervolgens brand ontstaat. ,https://www.nos.nl/artikel/2330489-dader-brandstichting-zendmast-groningen-vastgelegd-op-bewakingsbeelden.html,0.0,126,25
22,"Zij gingen terug naar de zorg, 'Ik moest en zou helpen in de crisis'",De coronacrisis betekent dat er extra zorgpersoneel nodig is. Veel voormalige zorgmedewerkers hebben zich daarom gemeld. De NOS sprak met twee van hen. ,https://www.nos.nl/artikel/2330487-zij-gingen-terug-naar-de-zorg-ik-moest-en-zou-helpen-in-de-crisis.html,0.0,152,23
23,Heeft een coronatest bij een representatief deel van de bevolking nut?,"Kenners verschillen daarover van mening. Sommigen willen dolgraag meer inzicht in de verspreiding van het virus, anderen denken dat zo'n steekproef daarvoor niet het juiste middel is.",https://www.nos.nl/artikel/2330484-heeft-een-coronatest-bij-een-representatief-deel-van-de-bevolking-nut.html,0.0,183,27
24,Toch zes Nederlanders onderweg vanuit Marokko,"Tot nu toe weigerde Rabat Nederlanders te laten vertrekken, vanwege de corona-uitbraak. Nu mogen enkele schrijnende gevallen toch weg.",https://www.nos.nl/artikel/2330481-toch-zes-nederlanders-onderweg-vanuit-marokko.html,0.0,134,19
0,"Noodkreet: ‘1,5 metereconomie onwerkbaar voor horeca’","Horecabedrijven stellen dat de 1,5 metereconomie zoals voorgesteld door premier Rutte onwerkbaar is. Daarvoor waarschuwt Koninklijke Horeca Nederland (KHN). De brancheorganisatie wijst erop dat het voor flink wat bedrijven onmogelijk is om binnen de voorwaarden rendabel te kunnen zijn.",https://www.ad.nl/binnenland/noodkreet-1-5-metereconomie-onwerkbaar-voor-horeca~a57f11f3/,0.0,286,39
1,D66 betekent in tijden van corona bijster weinig voor haar kiezers,Özcan Akyol schrijft drie keer per week over wat hem bezighoudt.,https://www.ad.nl/binnenland/d66-betekent-in-tijden-van-corona-bijster-weinig-voor-haar-kiezers~a82e6e00/,0.0,64,11
2,650 miljoen euro coronasteun voor bloementelers en aardappelboeren,"Het kabinet trekt 650 miljoen euro uit voor de sierteeltsector, de voedingstuinbouw en de fritesaardappelsector. Dat maakt minister Schouten van Landbouw vanavond bekend. Deze sectoren zijn zwaar getroffen door de coronacrisis, vanwege het wegvallen van de export én de binnenlandse afzetmarkt.",https://www.ad.nl/politiek/650-miljoen-euro-coronasteun-voor-bloementelers-en-aardappelboeren~af359b45/,0.0,294,41
3,"Brabants dorp neemt afscheid van Guus (29): ‘Dag, tot ooit’","Een lang lint mensen stond woensdagmiddag langs de kant van de weg om Guus Konings (29) uit het Brabantse Beek en Donk, die vorige week overleed aan het coronavirus, een laatste eer te bewijzen.",https://www.ad.nl/binnenland/brabants-dorp-neemt-afscheid-van-guus-29-dag-tot-ooit~ad3d782b/,0.0,194,34
4,Kabinet volgt België en Duitsland niet met breed gebruik mondkapjes,"In tegenstelling tot België en Duitsland noemt Nederland het breed inzetten van mondkapjes ‘niet wenselijk en onnodig’. Minister Hugo de Jonge (Volksgezondheid) herhaalde vanavond op de persconferentie het Nederlandse standpunt. Vanmiddag lieten beide buurlanden weten het gebruik van mondkapjes ‘dringend’ aan te bevelen, maar dat vindt De Jonge niet nodig.",https://www.ad.nl/binnenland/kabinet-volgt-belgie-en-duitsland-niet-met-breed-gebruik-mondkapjes~a7942db6/,0.0,358,50
5,‘Geen roze glitterfoto’s op Instagram als er zoiets heftigs gebeurt’,Dankzij het initiatief van modeontwerpster Janne Mooij – bekend van Gloed Amsterdam en House of Cherries – slaan vrijwilligers door heel het land de handen ineen om mondkapjes te maken.,https://www.ad.nl/nlblijftthuis/geen-roze-glitterfoto-s-op-instagram-als-er-zoiets-heftigs-gebeurt~a5208ef8/,0.0,185,30
6,Kabinet trekt 300 miljoen euro extra uit voor cultuur,Het kabinet schiet bepaalde culturele instellingen financieel te hulp om hen door de eerste maanden van de coronacrisis te helpen. Ook moeten ze met het geld weer kunnen investeren in het komende culturele seizoen. In totaal wordt daarvoor 300 miljoen euro uitgetrokken.,https://www.ad.nl/politiek/kabinet-trekt-300-miljoen-euro-extra-uit-voor-cultuur~a6d695bc/,0.0,270,42
7,Rutte: ‘Het loket gaat zeker niet in één keer open’,"Het kabinet wil niet in één keer, maar ‘stap voor stap’ naar versoepeling van de getroffen coronamaatregelen. ,,Het loket gaat zeker niet in één keer open. Er zal maatwerk nodig zijn om aan de 1,5 metersamenleving te voldoen.”",https://www.ad.nl/politiek/rutte-het-loket-gaat-zeker-niet-in-een-keer-open~ada8a36a/,0.0,226,38
8,Wildwest in mondkapjes-handel: ‘Die hele fabriek bestond niet’,"Heel de wereld wil mondkapjes. De handel daarin is wildwest geworden met niet-bestaande fabrieken, vervalste certificaten, aanbetalingen die verdwijnen en onbegrip tussen ondernemers en ambtenaren.",https://www.ad.nl/binnenland/wildwest-in-mondkapjes-handel-die-hele-fabriek-bestond-niet~a51e16c8/,0.0,197,25
9,Fiks minder woninginbraken sinds coronamaatregelen,"Inbrekers lijken tijdens de coronacrisis een stuk minder vaak toe te slaan. In de maand maart van dit jaar daalde het aantal woninginbraken het hardst in ruim vijf jaar tijd, blijkt uit cijfers die de politie vandaag heeft gepubliceerd.",https://www.ad.nl/wonen/fiks-minder-woninginbraken-sinds-coronamaatregelen~a2d1559a/,0.0,236,39
10,"Arts op de ic doet verslag: ‘Ik zie het vaker, patiënten die accepteren dat ze ziek zijn’",Zorgverleners op de intensive care staan in de frontlinie om het coronavirus te bestrijden. Michael Frank (53) is intensivist op de ic van het Albert Schweitzer ziekenhuis in Dordrecht en geeft dagelijks een inkijkje in zijn werk. Deel 22: ‘Wanneer kunnen we afschalen?’   Lees alle voorgaande afleveringen hier terug.,https://www.ad.nl/binnenland/arts-op-de-ic-doet-verslag-ik-zie-het-vaker-patienten-die-accepteren-dat-ze-ziek-zijn~abb6e1fb/,0.0,318,49
11,Nagel over conflict 50Plus: ‘Dit schuitje heeft wel vaker stormweer meegemaakt’,"Voormalig politicus en oud-journalist Jan Nagel (80) is weer eens betrokken bij een politieke partij die geteisterd wordt door ruzies. Bij zijn ‘kindje’ 50Plus vliegt de top elkaar in de haren en erevoorzitter Nagel vecht zelf een flink robbertje mee. ,,Als je zo fundamenteel met elkaar in discussie bent, moet je van je hart geen moordkuil maken.”",https://www.ad.nl/politiek/nagel-over-conflict-50plus-dit-schuitje-heeft-wel-vaker-stormweer-meegemaakt~a8cfbbea/,0.5,349,57
12,Oververzekering in zes voorbeelden: ben jij (iets te) goed verzekerd?,Met een paar klikken is het gebeurd. Een schadeverzekering is online zo afgesloten. Bij sommige verzekeraars ben je met een paar euro per maand al klaar. Maar hoe voorkom je dat je oververzekerd bent?,https://www.ad.nl/economie/oververzekering-in-zes-voorbeelden-ben-jij-iets-te-goed-verzekerd~ac4688d7/,0.0,200,34
13,Advies: laat multinationals 600 miljoen euro meer belasting betalen,Multinationals betalen in Nederland te weinig of helemaal geen belasting doordat zij hier behaalde winsten op papier veel te royaal kunnen drukken. Door een bodem in de winstbelasting te leggen kan de schatkist jaarlijks 600 miljoen euro aan extra inkomsten tegemoet zien.,https://www.ad.nl/politiek/advies-laat-multinationals-600-miljoen-euro-meer-belasting-betalen~acae7700/,0.0,272,42
14,Wederom minder coronapatiënten op intensive care,Voor de vierde dag op rij is het aantal ernstig zieke patiënten met corona afgenomen. In de ziekenhuizen mochten 24 mensen van de intensive care af. Er liggen nu nog 1279 mensen.,https://www.ad.nl/home/wederom-minder-coronapatienten-op-intensive-care~af174f3a/,0.0,178,32
15,1400 deelfietsen moeten in Amsterdam voor concurrentie met de auto zorgen,Na de zomer komt er in Amsterdam ruimte voor 1400 deelfietsen op aangewezen plekken. Door het gecontroleerd toelaten van dergelijke fietsen hoopt de gemeente chaotische toestanden met duizenden fietsen te voorkomen.,https://www.ad.nl/auto/1400-deelfietsen-moeten-in-amsterdam-voor-concurrentie-met-de-auto-zorgen~aae04a1a/,0.0,215,31
16,"Leverancier personeel Lowlands failliet: ‘Evenementenwereld niet gemaakt voor 1,5-metersamenleving’",Het evenementenuitzendbureau Eventure overleeft de coronacrisis niet. Eigenaar Rob Seveke heeft het faillissement aangevraagd. Hij had zes mensen in vaste dienst. Ook 4000 uitzendkrachten verliezen hun baan. Het bedrijf leverde personeel aan tal van grote evenementen in Oost-Nederland.,https://www.ad.nl/binnenland/leverancier-personeel-lowlands-failliet-evenementenwereld-niet-gemaakt-voor-1-5-metersamenleving~aa2fa741/,0.0,286,38
17,Dit is de grootste snurker van 2020: ‘Ik gun mijn vrouw ook een goede nachtrust’,"Mensen kunnen er lacherig over doen terwijl anderen zich er intens voor schamen. Feit is dat er nog altijd een groot taboe rust op snurken. En dat terwijl Nederland ruim vier miljoen chronische snurkers telt. Om te laten zien dat snurken ‘dus‘ heel normaal is, wordt de grootste snurker van het jaar-wedstrijd gehouden. De winnaar van dit jaar, die vandaag bekend werd gemaakt, schaamt zich in ieder geval nergens voor: ,,Wat ik wel vervelend vind is dat mijn omgeving er last van heeft.”",https://www.ad.nl/binnenland/dit-is-de-grootste-snurker-van-2020-ik-gun-mijn-vrouw-ook-een-goede-nachtrust~a9f99564/,0.0,488,83
18,"Frank zit in quarantaine: Mijn kind spreekt in geheimtaal ‘reipap si po, apap’",Net als veel Nederlanders blijft redacteur Frank Poorthuis thuis. Frank zit in de risicogroep. Verslag van dag 34. Lees alle eerdere afleveringen hier terug.,https://www.ad.nl/binnenland/frank-zit-in-quarantaine-mijn-kind-spreekt-in-geheimtaal-reipap-si-po-apap~a2103ef3/,0.0,157,24
19,Minister Ollongren is terug en ze gaat de huren niet bevriezen,"Hoewel de oppositie het dolgraag wil, gaat minister Kajsa Ollongren van Binnenlandse Zaken de huren niet bevriezen. Volgens haar is dat onverstandig, omdat woningcorporaties de huurinkomsten hard nodig hebben om ook tijdens de coronacrisis te blijven bouwen.",https://www.ad.nl/wonen/minister-ollongren-is-terug-en-ze-gaat-de-huren-niet-bevriezen~ae3b0c25/,-0.2916666666666667,258,37
20,"RIVM: 189 nieuwe sterfgevallen, maar ‘slechts’ 188 nieuwe ziekenhuisopnames","Het aantal meldingen van personen die als gevolg van corona zijn overleden is de afgelopen 24 uur gestegen met 189. Daarnaast kwamen er 188 meldingen binnen van mensen die in het ziekenhuis zijn opgenomen (geweest). Het, vergeleken met de afgelopen dagen, hoge aantal doden komt doordat veel sterfgevallen pas na het paasweekend, dus gisteren, zijn gerapporteerd.",https://www.ad.nl/binnenland/rivm-189-nieuwe-sterfgevallen-maar-slechts-188-nieuwe-ziekenhuisopnames~ad966c1d/,0.0,363,56
21,PODCAST | ‘Trump heeft wel een punt met kritiek op WHO’,"‘Donald Trump heeft gelijk wanneer hij zegt dat de Wereldgezondheidsorganisatie - de WHO - niet goed heeft gefunctioneerd in deze zaak,’ zegt buitenlandcommentator Bob van Huet in de podcast Achter het Verhaal over de coronacrisis. ‘Je kunt zeggen dat de WHO wel heel erg op China afgegaan is en erg snel complimenten uitgedeeld heeft over de aanpak.’",https://www.ad.nl/achter-de-schermen/podcast-trump-heeft-wel-een-punt-met-kritiek-op-who~aae7ea62/,0.0,351,57
22,"Martin Kool maakt puzzels voor deze site: ‘Een welkome afleiding, zeker in deze tijden’","De experts zijn duidelijk, hoe mooi het weer buiten ook mag zijn, de komende weken moeten we nog steeds gehoor geven aan de oproep zoveel mogelijk binnen te blijven. Maar wat als je alle series op Netflix al hebt gebinged, de meeste online kooktips al in de praktijk hebt gebracht en de buren gek worden van jouw sportsessies in de woonkamer?",https://www.ad.nl/nlblijftthuis/martin-kool-maakt-puzzels-voor-deze-site-een-welkome-afleiding-zeker-in-deze-tijden~ac308a77/,0.0,342,61
23,Duizenden gebruikers aangemerkt als fraudeur door storing Marktplaats,Marktplaats heeft sinds gisteren te maken met een storing waardoor duizenden accounts geblokkeerd zijn en onterecht als frauduleus worden aangemerkt. Verkopers krijgen ten onrechte berichten dat bepaalde kopers vermoedelijk fraudeurs zijn.,https://www.ad.nl/tech/duizenden-gebruikers-aangemerkt-als-fraudeur-door-storing-marktplaats~a6ea9564/,0.0,239,31
24,"Winkels gaan weer open, omzet stijgt: ‘Winkelen kan ook weer’","Mode- en schoenenwinkels openen de deuren weer. De omzet stijgt, de consument durft de deur weer uit. ,,We zien dat veel winkeliers oplossingen hebben bedacht voor de anderhalve-metereconomie dus wij durven nu ook te zeggen: winkelen kan weer”, zegt directeur Jan Meerman van brancheorganisatie INretail.",https://www.ad.nl/binnenland/winkels-gaan-weer-open-omzet-stijgt-winkelen-kan-ook-weer~aee265ff/,0.0,304,45
25,Kamerleden 50Plus willen nu toch ook ledenraadpleging over Dales,"De Tweede Kamerleden van 50Plus, die gisteren nog via een persbericht het vertrouwen opzegden in partijvoorzitter Geert Dales, erkennen nu toch dat de leden gaan over het lot van Dales.",https://www.ad.nl/politiek/kamerleden-50plus-willen-nu-toch-ook-ledenraadpleging-over-dales~a9d38b40/,0.0,185,30
26,Emma (16) niet welkom op Cuba: zeilend terug naar huis enige optie,De coronacrisis betekent voor Emma van Kampen (16) uit Woudenberg een bizarre wending in een zeilavontuur door het Caribisch gebied.,https://www.ad.nl/nlblijftthuis/emma-16-niet-welkom-op-cuba-zeilend-terug-naar-huis-enige-optie~ada4a059/,0.4,132,20
27,Bedreigd homokoppel wil voorlopig geen bemiddelingsgesprek met belager,"Het homostel dat in Amsterdam werd bedreigd en uitgescholden door een groepje jongeren, staat nog niet open voor een ‘bemiddelingsgesprek’ met de 15-jarige verdachte die gisteren werd vrijgelaten. De advocaat van die jongen hoopt vervolging te kunnen voorkomen door een bemiddelingsgesprek aan te bieden.",https://www.ad.nl/binnenland/bedreigd-homokoppel-wil-voorlopig-geen-bemiddelingsgesprek-met-belager~a042bae6/,0.0,304,44
28,Coronacrisis? Bloemist zit op rozen: ‘alle records worden gebroken’,"Nederlanders kopen massaal bloemen en tuinplanten nu zij noodgedwongen binnen zitten. Bloemisten beleven gouden tijden. ,,Afgelopen paasweekeinde zijn alle records gebroken, komende Moederdag wordt zoals nog niet vertoond.”",https://www.ad.nl/economie/coronacrisis-bloemist-zit-op-rozen-alle-records-worden-gebroken~a522bcd0/,0.0,223,28
29,Schooldirecteur Maarten steekt kinderen hart onder de riem met aanstekelijk liedje,"Maarten Tromp (42) uit Amersfoort is directeur van basisschool Ridderspoor in Houten én schrijft kinderliedjes. Die krachten bundelde hij afgelopen week, toen hij een liedje schreef voor de leerlingen van zijn school. ,,Zo proberen we in verbinding te blijven en positieve energie mee te geven, want het kan voor sommigen best akelig en angstig zijn.”",https://www.ad.nl/nlblijftthuis/schooldirecteur-maarten-steekt-kinderen-hart-onder-de-riem-met-aanstekelijk-liedje~ac55c480/,1.0,351,55
0,’Kabinet trekt 70 miljoen extra uit voor onderwijs en strijd tegen misdaad’,Middenin de coronacrisis trekt het kabinet nog 70 miljoen euro uit voor onderwijs en de strijd tegen de georganiseerde misdaad. Maar meer geld is er dit voorjaar niet beschikbaar voor politieke wensen.,https://www.telegraaf.nl/nieuws/51993222/kabinet-trekt-70-miljoen-extra-uit-voor-onderwijs-en-strijd-tegen-misdaad,0.0,201,32
1,’Miljoenenimpuls voor werkdrukvermindering in het onderwijs’,’Miljoenenimpuls voor werkdrukvermindering in het onderwijs’,https://www.telegraaf.nl/nieuws/1086047940/miljoenenimpuls-voor-werkdrukvermindering-in-het-onderwijs,0.0,60,6
2,Notre-Dame laat eindelijk weer van zich horen,Notre-Dame laat eindelijk weer van zich horen,https://www.telegraaf.nl/video/1318922606/notre-dame-laat-eindelijk-weer-van-zich-horen,0.0,45,7
3,"‘Wijnen, wijnen, wijnen om de pijn te verzachten’","Vandaag in de podcast corona-update al het laatste nieuws uit de persconferentie van premier Rutte en minister De Jonge van Volksgezondheid. We hebben het met wielerverslaggever Hans Ruggenberg over de Tour de France, die waarschijnlijk toch doorgaat dit jaar. En welke bekende Nederlander vreest in ...",https://www.telegraaf.nl/nieuws/514957821/wijnen-wijnen-wijnen-om-de-pijn-te-verzachten,0.0,303,46
4,Minister Schouten (Landbouw) trekt knip om ’verloren jaar’ te overleven,"Om te voorkomen dat bedrijven in de sierteeltsector ten onder gaan,  trekt het kabinet 600 miljoen euro uit. De enorme omzetschade bij de oer-Hollandse bollenboeren en bloemenkwekers wordt voor een groot deel gecompenseerd.",https://www.telegraaf.nl/nieuws/500414251/minister-schouten-landbouw-trekt-knip-om-verloren-jaar-te-overleven,0.0,223,33
5,Kabinet trekt 600 miljoen uit voor sierteelt,Om te voorkomen dat bedrijven in de sierteeltsector voor altijd uitgebloeid raken trekt het kabinet 600 miljoen euro uit. De enorme omzetschade bij de oer-Hollandse bollenboeren en bloemenkwekers wordt voor een groot deel gecompenseerd.,https://www.telegraaf.nl/nieuws/2005911457/kabinet-trekt-600-miljoen-uit-voor-sierteelt,0.0,236,34
6,Oranjefan: 'Niet klagen dat Koningsdag niet doorgaat',Oranjefan: 'Niet klagen dat Koningsdag niet doorgaat',https://www.telegraaf.nl/video/1685178823/oranjefan-niet-klagen-dat-koningsdag-niet-doorgaat,0.0,53,7
7,Eikenprocessierups aanpakken: ’Door de jeuk niet meer in de tuin zitten’,De eikenprocessierups staat in de startblokken om het de mens weer lastig te maken. Inwoners van het Brabantse Moergestel binden de strijd met de jeukrups aan door de stammen van eikenbomen te omwikkelen met landbouwplastic en huishoudfolie.,https://www.telegraaf.nl/nieuws/1861535417/eikenprocessierups-aanpakken-door-de-jeuk-niet-meer-in-de-tuin-zitten,0.0,241,37
8,Extra controles tegen dagjesmens in Zuid-Limburgs heuvelland,De Veiligheidsregio Zuid Limburg vermindert het aantal controleposten op toegangswegen naar het Limburgse heuvelland. Maar de regio waarschuwt wel dat komend weekend extra controles worden uitgevoerd bij de toegangswegen tot het heuvelland. Die moeten voorkomen dat het gebied weer volloopt met dagje...,https://www.telegraaf.nl/nieuws/836963545/extra-controles-tegen-dagjesmens-in-zuid-limburgs-heuvelland,0.0,303,42
9,LIVE | Dodental coronavirus in Frankrijk nu boven de 17.000,Wereldwijd zijn ruim 130.000 mensen overleden aan de gevolgen van een besmetting met het coronavirus. Het dodental is in een periode van twee weken ruim verdubbeld. Meer dan 2 miljoen mensen zijn besmet. Dat meldt de Johns Hopkins University. Volg de laatste mondiale ontwikkelingen over het coronavi...,https://www.telegraaf.nl/nieuws/2029892713/live-dodental-coronavirus-in-frankrijk-nu-boven-de-17-000,0.0,303,47
10,'Dit zijn de stappen naar het nieuwe normaal',Het kabinet heeft woensdag opnieuw een persconferentie gegeven over de coronacrisis. Minister Hugo de Jonge noemt drie stappen die we te zetten hebben naar het nieuwe normaal.,https://www.telegraaf.nl/video/966995826/dit-zijn-de-stappen-naar-het-nieuwe-normaal,0.0,175,27
11,Kabinet trekt 300 miljoen euro uit voor cultuursector,"Het kabinet trekt 300 miljoen euro extra uit om de cultuursector te ondersteunen. Dat maakt het ministerie van Onderwijs woensdag bekend. Met het geld worden onder meer subsidies voor instellingen en festivals verhoogd die door het Rijk worden bekostigd, maar ook voor private instellingen en organis...",https://www.telegraaf.nl/nieuws/2006098597/kabinet-trekt-300-miljoen-euro-uit-voor-cultuursector,0.0,303,46
0,BOE gaat oledschermen leveren met ultrasone vingerafdrukscanners,"Schermmaker BOE gaat oledscermen voor smartphones leveren met de ultrasone 3D Sonic-vingerafdrukscanner van Qualcomm. Tot nu toe zat die scanner alleen in modellen van Samsung met schermen van die fabrikant.<img src="" ~r/tweakers/mixed/~4/VQfS4RtGiJ0"" height=""1"" width=""1"" alt=""""/>",https://tweakers.net/nieuws/165958,0.0,281,35
1,Huawei kondigt Honor 30-telefoons aan,"Huawei-dochtermerk Honor heeft drie telefoons aangekondigd in zijn Honor 30-serie. De telefoons hebben alledrie oledschermen, ondersteuning voor snel laden en een periscopische camera met telelens voor 5x zoom.<img src="" ~r/tweakers/mixed/~4/Qjo6Cv1aXNg"" height=""1"" width=""1"" alt=""""/>",https://tweakers.net/nieuws/165954,0.0,284,33
2,Slack laat gebruikers tijd van reminders aanpassen,"Slack heeft in zijn apps en in de webversie een optie toegevoegd om een aangepaste tijd en datum te kiezen voor een herinnering aan een bericht. Tot nu toe waren dat alleen standaardopties, zoals 'morgenochtend negen uur'.<img src="" ~r/tweakers/mixed/~4/txkNybZQelc"" height=""1"" width=""1"" alt=""""/>",https://tweakers.net/nieuws/165952,0.0,296,42
3,Nederlands ministerie krijgt meer dan 750 voorstellen voor corona-apps,"Het Nederlandse ministerie voor Volksgezondheid heeft 750 voorstellen gekregen van bedrijven om apps te bouwen voor contactonderzoek van coronapatiënten. De deadline om plannen in te dienen verliep eerder deze week.<img src="" ~r/tweakers/mixed/~4/SkRdqKjz2Mw"" height=""1"" width=""1"" alt=""""/>",https://tweakers.net/nieuws/165950,0.0,289,35
4,Typenummer in firmware wijst op nieuw Nintendo Switch-model,"Er is in versie 10.0.0 van de firmware voor de Nintendo Switch een typenummer gevonden van nog onaangekondigde Nintendo-hardware. Het lijkt erop dat dit model een tweede scherm aan gaat sturen.<img src="" ~r/tweakers/mixed/~4/LTEoiNgU-vA"" height=""1"" width=""1"" alt=""""/>",https://tweakers.net/nieuws/165946,0.0,267,36
5,"Apple presenteert 489 euro kostende iPhone SE met 4,7""-lcd","Apple heeft een nieuwe relatief kleine iPhone aangekondigd. De iPhone SE lijkt op de iPhone 8, maar heeft dezelfde A13-soc als de iPhone 11-modellen. Het toestel krijgt een 4,7-lcd en kost 489 euro in een 64GB-uitvoering.<img src="" ~r/tweakers/mixed/~4/eBW94dDd_RU"" height=""1"" width=""1"" alt=""""/>",https://tweakers.net/nieuws/165944,0.0,295,41
6,Microsoft Visual Studio 2019 16.5.4,"Microsoft heeft een vierde update voor versie 16.5.0 van Visual Studio 2019 uitgebracht. Deze populaire programmeerontwikkelomgeving beschikt over handige opties om het programmeren in onder andere Visual C++, Visual Basic, C#, F#, Python en R gemakkelijker te maken. De complete lijst met de veranderingen in de 2019-uitgave kun je nalezen in de bijbehorende releasenotes. Hieronder is te vinden welke verbeteringen Microsoft heeft doorgevoerd in deze versie: Fixed In This Release of Visual Studio 2019 version 16.5.4:<img src="" ~r/tweakers/mixed/~4/JBRKOjD-Vio"" height=""1"" width=""1"" alt=""""/>",https://tweakers.net/downloads/51424,0.028571428571428574,594,81
7,Synology DSM 6.2.3 build 25423,"Synology heeft versie 6.2.3 van Disk Station Manager uitgebracht. Synology DSM is de beheersoftware die op diverse nas-producten van het bedrijf draait. De Disk en Rack Stations bieden meer dan alleen extra opslagruimte. Zo kunnen ook back-ups van alle clients op het netwerk worden gemaakt en kunnen bestanden via http, ftp, bittorrent, usenet en emule worden gedownload, zodat bijvoorbeeld energiegulzige pc's 's nachts uit kunnen, terwijl de download gewoon binnenkomt. Verder kunnen via de ingebouwde iTunes-server audio- en videobestanden over het netwerk worden gestreamd, kan met behulp van php en MySQL een dynamische website worden gehost en kan het apparaat als printserver fungeren. Om versie 6.2.3 te kunnen installeren zal minimaal versie 6.0 aanwezig moeten zijn. Verder is het uitsluitend geschikt voor de nas-modellen waarvan het typenummer eindigt op 11 of hoger. Kijk voor de overige voorwaarden en de verschillende downloads op deze pagina. In versie 6.2 zijn weinig veranderingen aangebracht die voor thuisgebruikers belangrijk zijn. Voor de zwaardere modellen en de nassen die in bedrijfsomgevingen worden ingezet zijn er wel de nodige veranderingen en verbeteringen aangebracht. De changelog voor deze uitgave ziet er als volgt uit: Important Note<img src="" ~r/tweakers/mixed/~4/0QfOtMuAIzQ"" height=""1"" width=""1"" alt=""""/>",https://tweakers.net/downloads/51426,0.2,1343,194
8,"Samsung claimt twee apparaten te voorzien van 4,3Gbit/s-internet via 5g","Samsung claimt dat het met zijn kastje voor 5g twee apparaten tegelijk heeft voorzien van een verbinding met een downlink van 4,3Gbit/s. Dat gebeurde via 5g op mmWave-frequenties. Het is volgens de fabrikant voor het eerst dat zoiets kan.<img src="" ~r/tweakers/mixed/~4/8k3KffSzStc"" height=""1"" width=""1"" alt=""""/>",https://tweakers.net/nieuws/165942,0.0,312,44
9,Houseparty kreeg afgelopen maand 50 miljoen nieuwe gebruikers,"Videobelapp Houseparty heeft er afgelopen maand ongeveer vijftig miljoen nieuwe gebruikers bijgekregen, aldus de mede-oprichter in een interview. Daarbij gaat het om aantal nieuwe gebruikers die een account hebben aangemaakt.<img src="" ~r/tweakers/mixed/~4/_pX6qKpjTJo"" height=""1"" width=""1"" alt=""""/>",https://tweakers.net/nieuws/165940,0.0,299,35
10,Tour de France 2020-game krijgt eerstepersoonsperspectief en komt naar pc,"De officiële Tour de France-game krijgt dit jaar een nieuw cameraperspectief. Ook komt het spel uit voor de pc, ergens na het verschijnen van de consoleversie. Tour de France 2020 wordt ontwikkeld door Cyanide Studios, dat ook Pro Cycling Manager maakt.<img src="" ~r/tweakers/mixed/~4/Tfj6iIWs1II"" height=""1"" width=""1"" alt=""""/>",https://tweakers.net/nieuws/165938,0.0,327,46
11,GeForce Game Ready Driver 445.87 WHQL,"Nvidia heeft nieuwe stabiele GeForce-drivers uitgebracht. De drivers dragen versienummer 445.75 WHQL, zijn geschikt voor Windows 7 en hoger, en kunnen worden gebruikt op kaarten gebaseerd op de Kepler-architectuur of nieuwer. Deze uitgave bevat onder meer verbeteringen voor de spellen Minecraft RTX bèta, Call of Duty: Modern Warfare 2 Campaign Remastered, Saints Row: The Third Remastered en SnowRunner, en voegt verder diverse sli-profielen toe. De complete release notes staan hieronder: Game Ready for the Minecraft with RTX Beta<img src="" ~r/tweakers/mixed/~4/0N6n0rVEIj8"" height=""1"" width=""1"" alt=""""/>",https://tweakers.net/downloads/51422,0.020000000000000007,608,83
12,VirtualBox 6.1.6,"Oracle heeft de derde update voor VirtualBox versie 6.1 uitgebracht. VirtualBox kan worden gebruikt om andere besturingssystemen in een virtuele omgeving op een computer te installeren. Op die manier is het mogelijk om verschillende besturingssystemen op dezelfde hardware naast elkaar en tegelijkertijd te gebruiken. VirtualBox is beschikbaar voor Windows, macOS, Linux en Solaris, en is in staat om diverse gastbesturingssystemen te draaien. De veranderingen die in versie 6.1.6 zijn aangebracht zijn hieronder voor je op een rijtje gezet:<img src="" ~r/tweakers/mixed/~4/CSyTCpKUh8A"" height=""1"" width=""1"" alt=""""/>",https://tweakers.net/downloads/51420,0.0,615,83
13,Codemasters brengt F1 2020 op 10 juli uit,"Codemasters brengt op 10 juli een nieuwe officiële Formule 1-game uit. F1 2020 krijgt een nieuwe My Team-modus, waarin spelers als elfde team op de grid deelnemen aan het F1-kampioenschap. Ook bevat F1 2020 splitscreenondersteuning voor lokale multiplayer.<img src="" ~r/tweakers/mixed/~4/ytiHCuWHlfY"" height=""1"" width=""1"" alt=""""/>",https://tweakers.net/nieuws/165936,0.0,330,43
14,"Samsung kondigt Galaxy Tab S6 Lite met 10,4""-lcd aan","Samsung heeft de Galaxy Tab S6 Lite geplaatst op zijn website voor India. Het gaat om een midrangetablet met 10,4""-scherm en Exynos 9611-soc. Het scherm is een lcd en geen oledscherm zoals bij de duurdere Tab S6 van vorig jaar.<img src="" ~r/tweakers/mixed/~4/CY_i97A7Of0"" height=""1"" width=""1"" alt=""""/>",https://tweakers.net/nieuws/165932,0.0,301,45
15,Be quiet brengt Pure Base 500DX-behuizing op 28 april uit,"Be quiet brengt op 28 april een luxere variant van de bestaande Pure Base 500-behuizing op de markt. Deze Pure Base 500DX-behuizing onderscheidt zich onder meer door een mesh-frontpaneel, dat tot een betere airflow moet leiden.<img src="" ~r/tweakers/mixed/~4/qkPkYssnUhQ"" height=""1"" width=""1"" alt=""""/>",https://tweakers.net/nieuws/165924,-0.2342857142857143,301,41
16,Openbaar aanklagers VS willen dat 3d-printontwerpen van vuurwapens offline gaan,"Zo'n 25 openbaar aanklagers in de Verenigde Staten roepen de regering van president Trump op om op treden tegen de verkoop van 3d-printontwerpen van vuurwapens op de website van een Amerikaanse organisatie genaamd Defense Distributed.<img src="" ~r/tweakers/mixed/~4/eAedh2Upj6M"" height=""1"" width=""1"" alt=""""/>",https://tweakers.net/nieuws/165906,0.0,308,40
17,Samsung brengt Galaxy M21 met 6000mAh-accu uit voor 219 euro,"Samsung heeft zijn Galaxy M21-smartphone uitgebracht in Nederland. Het toestel heeft een 6,4""-oledscherm, drie camera's aan de achterkant, een Exynos 9611-soc en een 6000mAh-accu. De Android-telefoon kost 219 euro.<img src="" ~r/tweakers/mixed/~4/Yj4gtKCznb8"" height=""1"" width=""1"" alt=""""/>",https://tweakers.net/nieuws/165922,0.0,288,34
18,Spelers van EA-games kunnen hinder ondervinden van ddos-aanvallen - update,"EA-games hebben al enkele dagen last van storingen, waarbij het onder meer gaat om Apex Legends en games uit de Battlefield- en FIFA-reeks. Het platform Origin is getroffen en dat geldt ook voor andere EA-diensten. Het bedrijf meldt last te hebben gehad van ddos-aanvallen.<img src="" ~r/tweakers/mixed/~4/xGBaDzM9NTQ"" height=""1"" width=""1"" alt=""""/>",https://tweakers.net/nieuws/165918,0.0,347,49
19,Huawei stapt over op Chinese halfgeleiderfabrikant SMIC voor levering 14nm-chips,"HiSilicon, een dochteronderneming van Huawei, heeft naar verluidt zijn 14nm-siliciumorders van TSMC naar het Chinese SMIC verplaatst. Dat melden bronnen van Digitimes. Ook zou het bedrijf minder 7nm- en 5nm-chips afnemen wegens gedaalde smartphoneverkopen.<img src="" ~r/tweakers/mixed/~4/1gvM9Zll1uo"" height=""1"" width=""1"" alt=""""/>",https://tweakers.net/nieuws/165920,0.0,330,39
20,ASML leverde in vorige kwartaal vier euv-machines en haalde relatief lage omzet,"ASML leverde in het eerste kwartaal van 2020 in totaal vier euv-machines aan zijn klanten. In dat kwartaal behaalde het Veldhovense bedrijf een lagere omzet dan werd verwacht, wat volgens ASML mede werd veroorzaakt door leveringsproblemen.<img src="" ~r/tweakers/mixed/~4/YSnDgHJvr2I"" height=""1"" width=""1"" alt=""""/>",https://tweakers.net/nieuws/165910,0.0,313,41
21,Silicon Power introduceert externe ssd van 80x80mm met dikte van 11mm,"Silicon Power heeft zijn draagbare PC60-ssd aangekondigd. Het gaat om een draagbare ssd met afmetingen van 80x80mm. De ssd is 11,2mm dik. De PC60 wordt geleverd met een opslagcapaciteit van maximaal 1,92TB. De adviesprijs is nog niet bekend.<img src="" ~r/tweakers/mixed/~4/Hy4ZYaMYTA8"" height=""1"" width=""1"" alt=""""/>",https://tweakers.net/nieuws/165914,0.0,315,43
22,Marktplaats merkte door storing duizenden gebruikers onterecht aan als fraudeur,"Marktplaats heeft sinds dinsdag te maken met een storing waardoor duizenden accounts geblokkeerd zijn en onterecht als fraudeur worden aangemerkt. Volgens de site komt de storing door een menselijke fout.<img src="" ~r/tweakers/mixed/~4/Dvc7AbQEnpw"" height=""1"" width=""1"" alt=""""/>",https://tweakers.net/nieuws/165916,0.0,278,35
23,Microsoft repareert met Windows 10-update zerodays die actief werden misbruikt,"Microsoft heeft tijdens de maandelijkse updatecyclus van Windows 10 onder andere twee kwetsbaarheden gerepareerd die actief werden uitgebuit door aanvallers. De zerodays maakten remote code executions en privilege escalations mogelijk.<img src="" ~r/tweakers/mixed/~4/i70RIe-usVk"" height=""1"" width=""1"" alt=""""/>",https://tweakers.net/nieuws/165904,-0.1,309,35
24,Een samenwerking uit nood - Hoe de corona-api van Google en Apple werkt,"Google en Apple kondigden aan om samen een api te ontwikkelen waarmee apps aan contactonderzoek voor bestrijding van het coronavirus kunnen doen. Hoe werkt die?<img src="" ~r/tweakers/mixed/~4/bS6fjtG1vvg"" height=""1"" width=""1"" alt=""""/>",https://tweakers.net/reviews/7800,0.0,234,30
25,Microsoft verlengt ondersteuning Windows 10 October 2018 Update,"Microsoft heeft de ondersteuning voor onder andere de Home- en Pro-versie van de Windows 10 October 2018 Update verlengd van 12 mei 2020 naar 10 november 2020. Volgens Microsoft moet dat helpen om stress bij klanten te verminderen.<img src="" ~r/tweakers/mixed/~4/qIOuZ67XyGg"" height=""1"" width=""1"" alt=""""/>",https://tweakers.net/nieuws/165902,0.0,305,43
26,Epic Games stelt volgende Fortnite-seizoen uit tot 4 juni,"Epic Games heeft seizoen 3 van Fortnite Chapter 2 uitgesteld tot 4 juni. Het seizoen zou in eerste instantie over twee weken uitkomen. De ontwikkelaar geeft geen reden voor het uitstel.<img src="" ~r/tweakers/mixed/~4/XyzkOycNvPc"" height=""1"" width=""1"" alt=""""/>",https://tweakers.net/nieuws/165908,0.1,259,36
27,Yongnuo presenteert 50mm f/1.8-objectief voor Sony-camera's met aps-c-sensor,"De Chinese fabrikant Yongnuo voegt een 50mm f/1.8-objectief voor Sony E-camera's toe aan zijn assortiment. Het autofocusobjectief is geschikt voor camera's met een aps-c-sensor, zoals die uit de A6000-serie. Yongnuo maakte al versies voor dslr's van Canon en Nikon.<img src="" ~r/tweakers/mixed/~4/jklnSgJPTlA"" height=""1"" width=""1"" alt=""""/>",https://tweakers.net/nieuws/165912,0.0,339,44
28,Keuringsorganisaties in Europa en VS komen met label voor lootboxes in games,"De Pan European Game Information, de Europese organisatie die belast is met het toekennen van leeftijdsclassificaties aan games, heeft een label of aanduiding voor 'willekeurige items' in games in het leven geroepen. Zijn Amerikaanse evenknie deed onlangs hetzelfde.<img src="" ~r/tweakers/mixed/~4/N2tn_uYPdAU"" height=""1"" width=""1"" alt=""""/>",https://tweakers.net/nieuws/165890,-0.2,340,43
29,Valve organiseert digitaal game-evenement tussen 9 en 14 juni,"Valve houdt in de zomer van dit jaar een Steam Game Festival, waar ontwikkelaars hun aankomende games digitaal kunnen tonen. Het evenement vindt plaats tussen 9 en 14 juni. Ontwikkelaars kunnen daar demo's van hun games uitbrengen en live-evenementen houden.<img src="" ~r/tweakers/mixed/~4/JBQCU13eFLs"" height=""1"" width=""1"" alt=""""/>",https://tweakers.net/nieuws/165900,-0.4,332,45
30,GitHub laat gebruikers onbeperkt privé-repo's aanmaken met nieuw prijsbeleid,"GitHub maakt al zijn functies gratis voor alle gebruikers. Ook gebruikers die nu een niet-betaald account hebben krijgen nu toegang tot onder andere onbeperkte privé-repo's, en teams kunnen een onbeperkt aantal leden toevoegen.<img src="" ~r/tweakers/mixed/~4/NMFF_syX2HA"" height=""1"" width=""1"" alt=""""/>",https://tweakers.net/nieuws/165898,0.0,301,38
31,CoD Warzone-spelers klagen over opnieuw verwijderen drieledige teams,"Spelers van het battle-royaleonderdeel Warzone van Call of Duty: Modern Warfare klagen volop dat Infinity Ward en Activision opnieuw de queue voor driekoppige teams hebben geschrapt. Dat gebeurde onlangs ook al, maar toen kwamen de makers daar snel op terug.<img src="" ~r/tweakers/mixed/~4/T3-IPoJKxJ0"" height=""1"" width=""1"" alt=""""/>",https://tweakers.net/nieuws/165896,0.2,332,45
32,Nest verlaagt videokwaliteit van zijn camera's om bandbreedte te sparen,"Google gaat de videokwaliteit van zijn Nest Cams verlagen om bandbreedte te sparen. De aanpassing is door gebruikers ongedaan te maken en ze krijgen een melding in de Nest-app als de kwaliteitsinstellingen daadwerkelijk zijn aangepast.<img src="" ~r/tweakers/mixed/~4/uUnerTjhnoQ"" height=""1"" width=""1"" alt=""""/>",https://tweakers.net/nieuws/165892,0.0,309,40
33,Capture One 20.0.4,"Phase One heeft voor de paasdagen een update van Capture One uitgebracht met versienummer 20.0.4. Capture One is een fotobewerkingsprogramma en ondersteunt raw bestanden van de meeste digitale camera's. Het is beschikbaar in verschillende uitgaven: een standaarduitgave met ondersteuning voor meer dan vijfhonderd camera's, en Fujifilm- of Sony-uitgaven die alleen overweg kunnen met de camera's van Fujifilm of Sony. De prijs van deze twee laatste versies ligt onder die van de standaarduitgave. Voor meer informatie over de mogelijkheden van dit programma verwijzen we naar deze pagina. De aankondiging van 20.0.4 ziet er als volgt uit: New Camera Support<img src="" ~r/tweakers/mixed/~4/6podn9_wr78"" height=""1"" width=""1"" alt=""""/>",https://tweakers.net/downloads/51416,-0.047202797202797214,731,103
34,SQL Server Management Studio 18.5,"Microsoft heeft versie 18.5 van SQL Server Management Studio, vaak afgekort tot SSMS, uitgebracht. Met SSMS kun je een Microsoft SQL-omgeving beheren, bijvoorbeeld een on-premise SQL Server, maar ook een Azure SQL Data Warehouse in de cloud. Het biedt tools voor de configuratie, monitoring en ingebruikname van de verschillende data-tiercomponenten. Daarnaast kun je queries en scripts in elkaar zetten. De bijbehorende aankondiging ziet er als volgt uit: What's new in 18.5<img src="" ~r/tweakers/mixed/~4/OIPXLRfvv4o"" height=""1"" width=""1"" alt=""""/>",https://tweakers.net/downloads/51414,0.13636363636363635,549,76
35,Symfony 5.0.7 / 4.4.7 / 3.4.39,"Symfony is een php-webapplicatieframework en is beschikbaar onder de mit-licentie. Naast een framework en herbruikbare componenten biedt Symfony een filosofie, methodiek en community, ondersteund door SensioLabs. Op ons Forum zijn er ook verschillende topics over terug te vinden. De ontwikkelaars hebben even voor de paasdagen versies 5.0.7, 4.4.7 en 3.4.39 uitgebracht, met de volgende veranderingen: Symfony 5.0.7 released Symfony 5.0.7 has just been released. Here is a list of the most important changes:<img src="" ~r/tweakers/mixed/~4/h9coWTGxoJw"" height=""1"" width=""1"" alt=""""/>",https://tweakers.net/downloads/51412,0.45,583,78
36,Go 1.14.2 / 1.13.10,"Go, ook aangeduid als golang, is een programmeertaal die sinds 2007 wordt ontwikkeld door Google en de opensourcegemeenschap. De taal wordt onder andere door CloudFlare, Google, Netflix en Uber gebruikt. Go-code kan worden gecompileerd voor Android, Linux, macOS, FreeBSD en Windows, op i386-, amd64- en ARM-processorarchitecturen. De syntax van Go is vergelijkbaar met die van C en soortgelijke programmeertalen, hoewel er ook enkele opvallende verschillen zijn. Ook biedt Go de mogelijkheid voor gedistribueerd programmeren, waarbij verschillende processen tegelijk worden uitgevoerd. Het team heeft Go versies 1.14.2 en 1.13.10 vrijgegeven met de volgende aanpassingen: go1.14.1 includes fixes to the go command, tools, and the runtime. go1.14.2 includes fixes to cgo, the go command, the runtime, os/exec, and testing packages. go1.13.7 includes two security fixes to the crypto/x509 package. go1.13.8 includes fixes to the runtime, the crypto/x509, and net/http packages. go1.13.9 includes fixes to the go command, tools, the runtime, the toolchain, and the crypto/cypher package. go1.13.10 includes fixes to the go command, the runtime, os/exec, and time packages.<img src="" ~r/tweakers/mixed/~4/3acHeccvge0"" height=""1"" width=""1"" alt=""""/>",https://tweakers.net/downloads/51410,0.0,1244,172
37,PowerDNS Authoritative Server 4.2.2,"PowerDNS is een dns-server met een database als backend, waardoor het beheer van een groot aantal dns-entries op een gemakkelijke manier kan plaatsvinden. De ontwikkelaars hebben eerder besloten om de twee delen waaruit PowerDNS bestaat, een recursor en een authoritative nameserver, apart uit te geven, zodat ze sneller en gerichter een nieuwe versie kunnen uitbrengen, aldus de ontwikkelaars. De authoritative nameserver zal alleen antwoorden op een dns-look-up als hij betrekking heeft op de domeinen waarvoor hij verantwoordelijk is. De ontwikkelaars hebben PowerDNS Authoritative Server 4.2.2 uitgebracht met de volgende aankondiging: PowerDNS Authoritative Server 4.2.2 Released This release fixes issues in the IXFR receive code, improves cache management, and corrects a few other small things. If you use IXFR, please read the upgrade notes carefully. Please see the changelog for more details. The tarball (signature) is available at downloads.powerdns.com and packages for CentOS 6 and 7, 8, Debian Stretch and Buster, Ubuntu Xenial and Bionic are available from repo.powerdns.com. Please send us all feedback and issues you might have via the mailing list, or in case of a bug, via GitHub.<img src="" ~r/tweakers/mixed/~4/s7Vzw1UG7oo"" height=""1"" width=""1"" alt=""""/>",https://tweakers.net/downloads/51408,0.1659090909090909,1275,185
38,Apache Tomcat 10.0.0-M4 / 9.0.34 / 8.5.54,"Apache Tomcat is een Webcontainer die is ontwikkeld door de Apache Software Foundation. Tomcat voert Java Servlets en JavaServer Pages uit, en biedt een http-webomgeving aan waarop Java-code direct kan worden gedraaid. Voor meer informatie verwijzen we naar deze pagina. De ontwikkelaars hebben versies 10.0.0-M4, 9.0.34 en 8.5.54 uitgebracht, voorzien van de volgende aankondigingen: Tomcat 10.0.0-M4 Released The Apache Tomcat Project is proud to announce the release of version 10.0.0-M4 of Apache Tomcat. This release is a milestone release and is targeted at Jakarta EE 9. Users of Tomcat 10 onwards should be aware that, as a result of the move from Java EE to Jakarta EE as part of the transfer of Java EE to the Eclipse Foundation, the primary package for all implemented APIs has changed from javax.* to jakarta.*. This will almost certainly require code changes to enable applications to migrate from Tomcat 9 and earlier to Tomcat 10 and later. A migration tool is under development to aid this process. The notable changes in this release are:<img src="" ~r/tweakers/mixed/~4/NNYWJyUjz1o"" height=""1"" width=""1"" alt=""""/>",https://tweakers.net/downloads/51406,0.2830357142857143,1129,176
39,Wear OS-smartwatches geven gebruiker periodiek waarschuwing handen te wassen,"Smartwatches met Googles Wear OS als besturingssysteem hebben een update ontvangen waarmee gebruikers elke paar uur een melding krijgen met een oproep om hun handen met zeep te wassen.<img src="" ~r/tweakers/mixed/~4/oYAB-GGA5Jc"" height=""1"" width=""1"" alt=""""/>",https://tweakers.net/nieuws/165894,0.0,258,34
0,"
                650 miljoen voor landbouwbedrijven in nood door coronacrisis
                            ",Extra steunpakket kabinet,https://www.rtlnieuws.nl/nieuws/politiek/artikel/5092061/650-miljoen-extra-steun-voor-landbouwbedrijven-nood-door,0.0,25,3
1,"
                Oproep: speel zelf het volkslied op Koningsdag
                            ",Wilhelmus vanaf balkons,https://www.rtlnieuws.nl/nieuws/video/video/5092056/oproep-volkslied-koningsdag-wilhelmus-muziek-corona,0.0,23,3
2,"
                Mondkapjes in Duitsland en België, in Nederland 'niet wenselijk'
                            ",Aanpak coronacrisis,https://www.rtlnieuws.nl/nieuws/politiek/artikel/5092006/corona-coronacrisis-aanpak-kabinet-crisis-mccb-mark-rutte-hugo-de,0.0,19,2
3,"
                Aantal auto's op de weg stijgt weer iets
                            ",Geen files,https://www.rtlnieuws.nl/nieuws/nederland/artikel/5091991/corona-covid-verkeer-ndw-files-drukte,0.0,10,2
4,"
                Kijk mee: persconferentie kabinet over coronacrisis
                            ",Live,https://www.rtlnieuws.nl/nieuws/nederland/artikel/5091001/liveblog-corona-virus-covid-19-rivm-bescherming-vaccin,0.13636363636363635,4,1
5,"
                1,5 meter afstand onmogelijk voor Café Nol: 'Dan maar 5 klanten'
                            ",Coronacrisis,https://www.rtlnieuws.nl/nieuws/video/video/5091856/anderhalvemetersamenleving-onmogelijk-cafe-nol-corona-amsterdam,0.0,12,1
6,"
                Raambezoek verboden in Drents verpleeghuis
                            ",Coronamaatregelen,https://www.rtlnieuws.nl/nieuws/nederland/artikel/5091671/raambezoek-verboden-verpleeghui-corona-maatregelen,0.0,17,1
7,"
                Reguliere zorg weer opgestart na nieuwe daling ic-patiënten
                            ",Coronamaatregelen,https://www.rtlnieuws.nl/nieuws/nederland/artikel/5091756/daling-ic-patienten-corona-patienten-spreiding-zet-door-reguliere,0.0,17,1
8,"
                Personeel verpleeghuizen psychisch in de knel door coronadoden
                            ",Weinig ruimte voor rouw,https://www.rtlnieuws.nl/nieuws/nederland/artikel/5091536/coronavirus-covid-19-verpleeghuizen-verzorgenden-psychische,0.0,23,4
9,"
                Wie bepaalt welke mensen getest gaan worden?
                            ","Corona-update, stel je vraag",https://www.rtlnieuws.nl/nieuws/nederland/artikel/5091156/wie-bepaalt-welke-mensen-getest-gaan-worden,0.0,28,4
10,"
                Rutte bekijkt beademingsapparaat TU Delft 
                            ",Werkbezoek,https://www.rtlnieuws.nl/nieuws/nederland/video/5091681/premier-mark-rutte-neemt-kijkje-bij-nieuw-beademingsapparaat-van-tu,0.0,10,1
11,"
                Gio zorgt voor een feestje bij zorginstellingen
                            ",Nederland houdt hoop,https://www.rtlnieuws.nl/nieuws/video/video/5091586/gio-zorgt-voor-een-feestje-bij-zorginstellingen,0.0,20,3
0,Mark Rutte: ‘Het loket gaat zeker niet in één keer open’,"Het kabinet wil niet in één keer, maar ‘stap voor stap’ naar versoepeling van de getroffen corona-maatregelen. ‘Het loket gaat zeker niet in één keer open. Er zal maatwerk nodig zijn om aan de 1,5 meter-samenleving te voldoen.’",,0.0,227,38
1,"Kabinet maakt vaart met corona-apps, 750 voorstellen binnen",Minister De Jonge: 'Volgende week moet er een goed voorstel liggen',,0.0,67,11
2,Kabinet trekt 300 miljoen euro extra uit voor cultuur,Het kabinet schiet bepaalde culturele instellingen financieel te hulp om hen door de eerste maanden van de coronacrisis te helpen. Ook moeten ze met het geld weer kunnen investeren in het komende culturele seizoen. In totaal wordt daarvoor 300 miljoen euro uitgetrokken.,,0.0,270,42
3,Adviescommissie: ‘Einde aan belastingontwijking levert 600 miljoen op’,Er moet flink worden gewied in aftrekposten multinationals.,,0.0,59,8
4,Mag het noorden als eerste uit de lockdown?,"Met een opvallend lage infectiegraad en zonder overbelaste ziekenhuizen kan het noorden mogelijk eerder uit de ‘lockdown’ dan de rest van het land, stellen experts. Het RIVM en het kabinet houden regionale exit-opties open, een Groningse hoogleraar noemt de variant ‘interessant'.",,0.0,280,41
5,Dit was het belangrijkste coronanieuws van woensdag 15 april,"Het kabinet wil stapsgewijs naar versoepeling van de maatregelen; Nederland krijgt toezegging voor 2,7 miljoen testen; de VS zet de financiering van de WHO stop. Dit was het belangrijkste coronanieuws van woensdag 15 april.",,0.0,223,34
6,Coronacrisis doet files verdwijnen als sneeuw voor de zon,"De coronacrisis remt de groei van het wegverkeer aanzienlijk, blijkt uit nieuw onderzoek. Op korte termijn betekent dat vooral bijna geen files meer. De schaduwzijde: minder verkeer door een aanhoudende lockdown staat de komende jaren vooral voor een fikse economische crisis.",,0.0,276,41
7,"RIVM: 189 nieuwe sterfgevallen, 188 ziekenhuisopnames",De afgelopen 24 uur zijn er in Nederland 189 meldingen geweest van mensen die zijn overleden aan Covid-19. Ook zijn 188 nieuwe coronagerelateerde ziekenhuisopnames gemeld.,,0.0,171,25
8,"Record: Nederland geeft 5,7 miljard euro aan goede doelen",Giften aan goede doelen zijn in Nederland nog nooit zo hoog geweest. Ook is het percentage van de bevolking dat vrijwilligerswerk doet hoger geworden: 40 procent van de Nederlanders deed in 2018 vrijwilligerswerk. Dit blijkt uit het onderzoek Geven in Nederland van de Vrije Universiteit Amsterdam.,,0.0,298,46
9,Kamerleden 50Plus willen nu toch ook ledenraadpleging over Dales,De Tweede Kamerleden van 50Plus zegden dinsdag nog het vertrouwen op in de voorzitter.,,0.0,86,14
10,Meer twintigers en dertigers omgekomen in verkeer,"In 2019 zijn er in Nederland iets minder mensen in het verkeer om het leven gekomen dan het jaar daarvoor. In 2019 waren dat er 661, 17 minder dan in 2018. Wel stierven er in 2019 iets meer e-bikers.",,0.0,199,39
11,8000 medewerkers zorg besmet: ‘Dit is onze frontlinie’,"Minimaal 8000 zorgmedewerkers zijn besmet (geweest) met het nieuwe coronavirus, blijkt uit cijfers van het RIVM. Vakbonden zijn bezorgd en eisen meer bescherming. ‘Er zijn al medewerkers op de ic terechtgekomen.’",,0.0,212,31
12,Studenten mogen drie maanden langer reizen met ov-kaart,"Studenten die vanwege het coronavirus niet naar hun universiteit of hogeschool kunnen, mogen drie maanden langer blijven reizen met hun ov-studentenkaart. Dat heeft het ministerie van Onderwijs vandaag bekendgemaakt.",,0.0,216,29
13,Gevangenen willen helpen tijdens coronacrisis,Een groep gedetineerden uit de Penitentiaire Inrichting in Zaanstad heeft een brief geschreven aan minister Sander Dekker (Rechtsbescherming) waarin ze aangeven vanuit de gevangenis iets voor de maatschappij te willen betekenen. De brief is ook getekend door enkele bewaarders.,,0.0,277,39
14,Hoe de paasdeal van 50Plus als een kaartenhuis in elkaar stortte,De top van 50Plus kwam op tweede paasdag bijeen om een einde te maken aan onrust over de ambities van voorzitter Geert Dales en de besluitvorming richting de verkiezingen. Nog geen dag later zegde het leeuwendeel van de Kamerleden het vertrouwen in Dales op.,,0.25,258,44
15,Minister Koolmees gaat niet iedereen gelukkig maken,"Ontslagen flexwerkers en gesloten strandtenten mogen hoop koesteren dat de overheid alsnog met extra compensatie komt. Maar de overheid kan niet voor elke ‘sympathieke groep’ een aparte regeling optuigen, waarschuwt minister Wouter Koolmees van Sociale Zaken.",,0.0,259,36
16,Dirk van den Broek: van ponywagen tot supermarktketen,Dirk van den Broek begon als 15-jarige met de verkoop van melk en bouwde daarna een imperium op. Hij overleed woensdag op 96-jarige leeftijd.,,0.0,141,24
17,Meerderheid Kamerleden 50Plus zegt vertrouwen op in voorzitter Dales,Bijna alle Eerste en Tweede Kamerleden van 50Plus zeggen het vertrouwen op in partijvoorzitter Geert Dales. Dat hebben ze dinsdagmiddag in een persbericht laten weten.,,0.0,167,25
18,Hooikoortspatiënten opgepast: komende week veel pollen,"Doordat de berk in bloei staat, zijn er veel pollen in de lucht.",,0.0,64,13
19,Linkse partijen: ‘Bevries alle huren tijdens coronacrisis’,"GroenLinks, SP en PvdA roepen het kabinet op om alle huren in Nederland tijdens de coronacrisis te bevriezen. Ook willen ze dat het kabinet meer uit de kast trekt om te voorkomen dat huurders in geldnood uit huis worden gezet.",,0.0,226,40
0,Helft ouders wil basisscholen weer open na meivakantie,Helft ouders wil basisscholen weer open na meivakantie,https://www.linda.nl/nieuws/binnenland//nieuws/binnenland/basisscholen-gesloten-onderzoek/,0.0,54,8
1,Jeugdzorg en Kinderbescherming zien geen toename in meldingen kindermishandeling,Jeugdzorg en Kinderbescherming zien geen toename in meldingen kindermishandeling,https://www.linda.nl/nieuws/binnenland//nieuws/binnenland/jeugdzorg-kinderbescherming-geen-toename-kindermishandeling/,0.0,80,9
2,Koningsdagfestival Kingsland verplaatst naar 19 september,Koningsdagfestival Kingsland verplaatst naar 19 september,https://www.linda.nl/nieuws/binnenland//nieuws/koningsdagfestival-kingsland-verplaatst/,0.0,57,6
3,"Asperges, ze zijn er weer: 5 x recepten waar je van uit je plaat(pizza) gaat","Asperges, ze zijn er weer: 5 x recepten waar je van uit je plaat(pizza) gaat",https://www.linda.nl/nieuws/binnenland//advertorial/asperges-5-x-recepten-maggi/,0.0,76,15
4,Politie onderzoekt doodsoorzaak pasgeboren baby in Haaksbergen,Politie onderzoekt doodsoorzaak pasgeboren baby in Haaksbergen,https://www.linda.nl/nieuws/binnenland//nieuws/binnenland/politie-doodsoorzaak-pasgeboren-baby-haaksbergen/,0.0,62,7
5,#tochdichtbij: Klikkie wil 100.000 mensen samenbrengen met foto-actie,#tochdichtbij: Klikkie wil 100.000 mensen samenbrengen met foto-actie,https://www.linda.nl/nieuws/binnenland//nieuws/klikkie-foto-actie-corona/,0.0,69,8
6,Waarom 'The Voice of Holland' niet gewoon 'The Voice' is genoemd,Waarom 'The Voice of Holland' niet gewoon 'The Voice' is genoemd,https://www.linda.nl/nieuws/binnenland//nieuws/tv/the-voice-of-holland-benaming/,0.0,64,11
7,Van kraaienpootjes tot wallen: dit zeggen verschillende soorten rimpels over jou,Van kraaienpootjes tot wallen: dit zeggen verschillende soorten rimpels over jou,https://www.linda.nl/nieuws/binnenland//advertorial/rimpels-betekenis-nivea-q10-power/,0.0,80,11
8,Coronacrisis maakt slachtoffers van huiselijk geweld dubbel zo kwetsbaar voor geweld Ã©n virus,Coronacrisis maakt slachtoffers van huiselijk geweld dubbel zo kwetsbaar voor geweld Ã©n virus,https://www.linda.nl/nieuws/binnenland//nieuws/binnenland/vrouwen-slachtoffer-huiselijk-geweld-kwetsbaar-coronavirus/,0.0,94,13
9,Storing bij Marktplaats zorgt voor veel klachten bij gebruikers,Storing bij Marktplaats zorgt voor veel klachten bij gebruikers,https://www.linda.nl/nieuws/binnenland//nieuws/binnenland/storing-marktplaats-duizenden-accounts-geblokkeerd/,0.0,63,9
10,Harvard-wetenschappers: tot 2022 elk kwartaal een lockdown om virus te beheersen,Harvard-wetenschappers: tot 2022 elk kwartaal een lockdown om virus te beheersen,https://www.linda.nl/nieuws/binnenland//nieuws/gezond/harvard-wetenschappers-kwartaal-lockdown-coronavirus-beheersen/,0.0,80,11
11,"Dit zijn de karakters uit 'The Willoughbys', dÃ© familiefilm van dit moment","Dit zijn de karakters uit 'The Willoughbys', dÃ© familiefilm van dit moment",https://www.linda.nl/nieuws/binnenland//advertorial/animatie-failiefilm-netflix-the-willoughbys/,0.0,75,12
12,Digitale kleedjesmarkt en thuistoosten: Koningsdag verandert in Woningsdag,Digitale kleedjesmarkt en thuistoosten: Koningsdag verandert in Woningsdag,https://www.linda.nl/nieuws/binnenland//nieuws/koningsnieuws/koningsdag-woningsdag-online-vrijmarkt-thuistoost-koning/,0.0,74,8
13,"Zes Nederlanders teruggehaald uit Marokko, zangeres Anouk zit niet op vlucht","Zes Nederlanders teruggehaald uit Marokko, zangeres Anouk zit niet op vlucht",https://www.linda.nl/nieuws/binnenland//nieuws/binnenland/zes-nederlanders-vlucht-marokko-anouk/,0.0,76,11
14,Liveblog dinsdag 14 april: grote landen buigen zich gezamenlijk over crisis,Liveblog dinsdag 14 april: grote landen buigen zich gezamenlijk over crisis,https://www.linda.nl/nieuws/binnenland//nieuws/binnenland/liveblog-coronavirus-dinsdag-14-april/,0.0,75,11
15,Al ruim 70.000 euro voor Rode Kruis na twee dagen corona-editie Serious Request,Al ruim 70.000 euro voor Rode Kruis na twee dagen corona-editie Serious Request,https://www.linda.nl/nieuws/binnenland//nieuws/binnenland/serious-request-rode-kruis-corona/,-0.3333333333333333,79,13
16,Slecht nieuws voor koopjesjagers: Tweede Kamer wil sale tijdelijk verbieden,Slecht nieuws voor koopjesjagers: Tweede Kamer wil sale tijdelijk verbieden,https://www.linda.nl/nieuws/binnenland//nieuws/binnenland/uitverkoop-verbieden-sale-tweede-kamer/,0.0,75,10
0,"Noodkreet: ‘1,5 metereconomie onwerkbaar voor horeca’","Horecabedrijven stellen dat de 1,5 metereconomie zoals voorgesteld door premier Rutte onwerkbaar is. Daarvoor waarschuwt Koninklijke Horeca Nederland (KHN). De brancheorganisatie wijst erop dat het voor flink wat bedrijven onmogelijk is om binnen de voorwaarden rendabel te kunnen zijn.",,0.0,286,39
1,D66 betekent in tijden van corona bijster weinig voor haar kiezers,Özcan Akyol schrijft drie keer per week over wat hem bezighoudt.,,0.0,64,11
2,"Brabants dorp neemt afscheid van Guus (29): ‘Dag, tot ooit’","Een lang lint mensen stond woensdagmiddag langs de kant van de weg om Guus Konings (29) uit het Brabantse Beek en Donk, die vorige week overleed aan het coronavirus, een laatste eer te bewijzen.",,0.0,194,34
3,Kabinet volgt België en Duitsland niet met breed gebruik mondkapjes,"In tegenstelling tot België en Duitsland noemt Nederland het breed inzetten van mondkapjes ‘niet wenselijk en onnodig’. Minister Hugo de Jonge (Volksgezondheid) herhaalde vanavond op de persconferentie het Nederlandse standpunt. Vanmiddag lieten beide buurlanden weten het gebruik van mondkapjes ‘dringend’ aan te bevelen, maar dat vindt De Jonge niet nodig.",,0.0,358,50
4,Het coronanieuws van woensdag 15 april: teruglezen in één minuut,De stroom aan nieuwsberichten over het coronavirus is amper bij te benen. In dit artikel brengen we het belangrijkste nieuws van vandaag in een kort overzicht.,,0.0,159,26
5,Wildwest in mondkapjes-handel: ‘Die hele fabriek bestond niet’,"Heel de wereld wil mondkapjes. De handel daarin is wildwest geworden met niet-bestaande fabrieken, vervalste certificaten, aanbetalingen die verdwijnen en onbegrip tussen ondernemers en ambtenaren.",,0.0,197,25
6,"Arts op de ic doet verslag: ‘Ik zie het vaker, patiënten die accepteren dat ze ziek zijn’",Zorgverleners op de intensive care staan in de frontlinie om het coronavirus te bestrijden. Michael Frank (53) is intensivist op de ic van het Albert Schweitzer ziekenhuis in Dordrecht en geeft dagelijks een inkijkje in zijn werk. Deel 22: ‘Wanneer kunnen we afschalen?’   Lees alle voorgaande afleveringen hier terug.,,0.0,318,49
7,Dit is de grootste snurker van 2020: ‘Ik gun mijn vrouw ook een goede nachtrust’,"Mensen kunnen er lacherig over doen terwijl anderen zich er intens voor schamen. Feit is dat er nog altijd een groot taboe rust op snurken. En dat terwijl Nederland ruim vier miljoen chronische snurkers telt. Om te laten zien dat snurken ‘dus‘ heel normaal is, wordt de grootste snurker van het jaar-wedstrijd gehouden. De winnaar van dit jaar, die vandaag bekend werd gemaakt, schaamt zich in ieder geval nergens voor: ,,Wat ik wel vervelend vind is dat mijn omgeving er last van heeft.”",,0.0,488,83
8,"Frank zit in quarantaine: Mijn kind spreekt in geheimtaal ‘reipap si po, apap’",Net als veel Nederlanders blijft redacteur Frank Poorthuis thuis. Frank zit in de risicogroep. Verslag van dag 34. Lees alle eerdere afleveringen hier terug.,,0.0,157,24
9,"RIVM: 189 nieuwe sterfgevallen, maar ‘slechts’ 188 nieuwe ziekenhuisopnames","Het aantal meldingen van personen die als gevolg van corona zijn overleden is de afgelopen 24 uur gestegen met 189. Daarnaast kwamen er 188 meldingen binnen van mensen die in het ziekenhuis zijn opgenomen (geweest). Het, vergeleken met de afgelopen dagen, hoge aantal doden komt doordat veel sterfgevallen pas na het paasweekend, dus gisteren, zijn gerapporteerd.",,0.0,363,56
10,"Winkels gaan weer open, omzet stijgt: ‘Winkelen kan ook weer’","Mode- en schoenenwinkels openen de deuren weer. De omzet stijgt, de consument durft de deur weer uit. ,,We zien dat veel winkeliers oplossingen hebben bedacht voor de anderhalve-metereconomie dus wij durven nu ook te zeggen: winkelen kan weer”, zegt directeur Jan Meerman van brancheorganisatie INretail.",,0.0,304,45
11,Bedreigd homokoppel wil voorlopig geen bemiddelingsgesprek met belager,"Het homostel dat in Amsterdam werd bedreigd en uitgescholden door een groepje jongeren, staat nog niet open voor een ‘bemiddelingsgesprek’ met de 15-jarige verdachte die gisteren werd vrijgelaten. De advocaat van die jongen hoopt vervolging te kunnen voorkomen door een bemiddelingsgesprek aan te bieden.",,0.0,304,44
12,Mag het noorden als eerste uit de lockdown?,"Met een opvallend lage infectiegraad en zonder overbelaste ziekenhuizen kan het noorden mogelijk eerder uit de ‘lockdown’ dan de rest van het land, stellen experts. Het RIVM en het kabinet houden regionale versoepelingen open, een Groningse hoogleraar noemt de variant ‘interessant'.",,0.0,283,41
13,‘Kabinet negeerde jarenlang adviezen over pandemie-aanpak’,"De Nederlandse regering heeft sinds de ebola-uitbraak in West-Afrika in 2014 in drie opeenvolgende adviezen de raad gekregen kennis en kunde over pandemieën te bundelen en internationale samenwerking te zoeken. Maar actie bleef uit, blijkt uit een reconstructie van dagblad Trouw.",,0.0,280,41
14,"Geloof wat je wilt, 5G-gekkies. Maar blijf met je poten van zendmasten af",Nynke de Jong schrijft drie keer per week over wat haar bezighoudt.,,0.0,67,12
15,8000 zorgmedewerkers besmet: ‘Ik breng mijn gezin in gevaar’,"Minimaal 8000 zorgmedewerkers zijn besmet (geweest) met het nieuwe coronavirus, blijkt uit cijfers van het RIVM. Vakbonden zijn bezorgd en eisen meer bescherming. ,,Er zijn al medewerkers op de ic terechtgekomen.’’",,0.0,214,31
16,Politie geeft beelden brandstichter zendmast vrij,"De politie heeft via het tv-programma Opsporing Verzocht videobeelden vrijgegeven van een man die op vrijdagavond 10 april brand stichtte bij een zendmast op een bedrijventerrein aan de Koningsweg in Groningen. Te zien is hoe hij uit een vat vloeistof over de onderzijde van de mast giet, die aansteekt en zich vervolgens snel uit de voeten maakt. De afgelopen week is al dertien keer brand gesticht bij zendmasten.",,0.0,415,68
17,Twee 18-jarigen vast voor woningoverval bij 93-jarige vrouw in Drachten,De politie in Friesland heeft dinsdag twee 18-jarige verdachten opgepakt op verdenking van een woningoverval in oktober. Tijdens de overval werd in een huis in Drachten een 93-jarige vrouw mishandeld. Het programma Opsporing Verzocht besteedde vorige week aandacht aan de zaak.,,0.0,277,41
18,Het coronanieuws van dinsdag 14 april: bijlezen in één minuut,De stroom aan nieuwsberichten over het coronavirus is amper bij te benen. In dit artikel brengen we het belangrijkste nieuws van vandaag in een kort overzicht.,,0.0,159,26
19,"Arts op de ic doet verslag: ‘Corona is frustrerend, maar ook interessante puzzel’",Zorgverleners op de intensive care staan in de frontlinie om het coronavirus te bestrijden. Michael Frank (53) is intensivist op de ic van het Albert Schweitzer ziekenhuis in Dordrecht en geeft dagelijks een inkijkje in zijn werk. Deel 21: ‘Vasthouden aan positieve momenten’.  Lees alle voorgaande afleveringen hier terug.,,0.0,323,49
20,Gevangenen willen helpen tijdens coronacrisis: ‘Wij kunnen iets voor de maatschappij betekenen’,Een groep gedetineerden uit de Penitentiaire Inrichting in Zaanstad heeft een brief geschreven aan minister Sander Dekker (Rechtsbescherming) waarin ze aangeven vanuit de gevangenis iets voor de maatschappij te willen betekenen. De brief is ook getekend door enkele bewaarders.,,0.0,277,39
21,Ruzie om van alles en niets? Zo doorbreek je de gedragspatronen,"Draaien irritaties met je partner steeds op hetzelfde uit - boos zijn, soms zelfs met servies gooien en minder vaak seks? Een ingesleten patroon is lastig te veranderen. Journalist Yildiz Celie gaat in de leer bij relatietherapeut Jean-Pierre van de Ven.",,0.0,254,41
22,Aantal patiënten op intensive care daalt met 35 naar 1303,Het aantal coronapatiënten op de intensive care is met 35 gedaald naar 1303. Op maandag waren het er 1338. Dat maakte het Landelijk Coördinatiecentrum Patiënten Spreiding (LCPS) dinsdag bekend.,,0.0,193,29
23,15-jarige die homo’s uitschold mag weer naar huis: ‘Maar twee weken niet op straat hangen’,"De 15-jarige jongen die was opgepakt omdat hij homo’s in Amsterdam had uitgescholden en bedreigd, hoeft van de rechter niet terug de jeugdgevangenis in. Hij mag naar huis, maar mag twee weken lang niet op straat rondhangen, bevestigt zijn advocaat Anis Boumanjal.",,0.0,263,42
24,Politie vraagt aandacht voor branden zendmasten in Opsporing Verzocht,De politie tast nog in het duister wie er verantwoordelijk is voor de branden in zendmasten de afgelopen dagen. In Opsporing Verzocht wordt dinsdagavond aandacht gevraagd voor de brandstichtingen. De uitzending begint om 20.30 uur op NPO 1.,,0.0,240,38
25,"Frank zit in quarantaine: Weet je nog, lieffie, voor corona? Ja, en ik mis het ook",Net als veel Nederlanders blijft redacteur Frank Poorthuis thuis. Frank zit in de risicogroep. Verslag van dag 33. Lees alle eerdere afleveringen hier terug.,,0.0,157,24
26,Nina (57) bleef voor de eerste keer bij Kees (56) slapen en trok gelijk bij hem in,In de rubriek BV de Liefde vertellen lezers openlijk en anoniem over hun relatie. Nina (57) wilde geen vriend. Toen kwam ze Kees (56) tegen en voelde ze vlinders in haar buik. Nu zijn ze samen in coronaquarantaine.,,0.0,214,38
27,‘Rouwband’ om eik als wapen tegen processierups: hier willen ze de jeuk voor zijn,"Het oogt als een rouwband, maar wie weet pakt landbouwplastic rondom een eik dit jaar uit als probaat middel tegen de vermaledijde processierups.",,0.0,145,23
28,RIVM: 122 gemelde sterfgevallen en 210 ziekenhuisopnames,Het Rijksinstituut voor Volksgezondheid en Milieu (RIVM) laat weten dat er de afgelopen 24-uur melding is gedaan van 122 nieuwe sterfgevallen ten gevolge van het coronavirus. Dat is een stijging ten opzichte van een dag eerder. Gisteren werden 86 doden gemeld. Het aantal ziekenhuisopnames is iets hoger dan de afgelopen dagen. Er worden 210 nieuwe opnames gemeld.,,0.0,364,57
29,Bewoners van Ermelose woning wisten van niets: ‘Er ligt een stoffelijk overschot in uw voortuin’,",,Er ligt een stoffelijk overschot in uw voortuin.’’ Die mededeling van de politie kwam vanochtend als een volslagen verrassing voor de bewoners van een huis aan de Dokter Holtropstraat in Ermelo. Ze wisten nog van niks.",,0.0,220,36
0,Brabant zet kanjers in het licht,Het provinciebestuur toont haar steun aan alle helden die in deze bijzondere tijd een bewonderingswaardige rol spelen.,https://www.brabant.nl/actueel/nieuws/bestuur/2020/brabant-zet-kanjers-in-het-licht,0.0,118,17
1,Lancering online leeromgeving ‘Brabant Leert’,Via dit online platform kunnen Brabanders zich tijdens de crisis blijven ontwikkelen.,https://www.brabant.nl/actueel/nieuws/economie-en-werk/2020/lancering-online-leeromgeving-brabant-leert,0.0,85,12
2,Vuelta niet in augustus,La Vuelta vindt niet in augustus van dit jaar plaats.,https://www.brabant.nl/actueel/nieuws/bestuur/2020/vuelta-niet-in-augustus,0.0,53,10
3,Lancering online leeromgeving 'Brabant Leert',Via het platform 'Brabant Leert' zijn verschillende online cursussen beschikbaar. ,https://www.brabant.nl/actueel/nieuws/economie-en-werk/2020/lancering-online-leeromgeving-brabant-leert,0.0,82,10
4,"Wederom veel Brabantse verkeersdoden: ""Dit is flink schrikken""",Het aantal verkeersdoden in Noord-Brabant is volgens het CBS dit jaar licht gedaald van 150 naar 142. ,https://www.brabant.nl/actueel/nieuws/verkeer-en-vervoer/2020/wederom-veel-brabantse-verkeersdoden,0.0,102,17
5,Cultuurfonds Noord-Brabant ondersteunt 61 projecten,61 projecten voor cultuur en natuur ontvangen een bedrag van in totaal € 270.000.,https://www.brabant.nl/actueel/nieuws/kunst-cultuur-en-erfgoed/2020/cultuurfonds-noord-brabant-ondersteunt-projecten,0.0,81,14
6,Stiller asfalt en rotonde voor N279 Asten - Meijel,De kruising van de N279 met de Buizerdweg/Meijelseweg wordt een rotonde.,https://www.brabant.nl/actueel/nieuws/verkeer-en-vervoer/2020/stiller-asfalt-en-rotonde-voor-n279-asten---meijel,0.0,72,11
7,Hoe denken Brabanders over het coronavirus,Een breed uitgevoerd onderzoek in Brabant geeft inzicht in hoe Brabanders de aanwezigheid van het coronavirus ervaren.,https://www.brabant.nl/actueel/nieuws/bestuur/2020/hoe-denken-brabanders-over-het-coronavirus,0.0,118,17
8,Open oproep Buurtcultuurprojecten tijdens lockdown,"Woningcorporaties, verenigingen, wijkwerkers, welzijns- en zorginstellingen kunnen cultuurprojecten indienen. ",https://www.brabant.nl/actueel/nieuws/kunst-cultuur-en-erfgoed/2020/open-oproep-buurtcultuurprojecten-tijdens-lockdown,0.0,110,9
9,Activatieprogramma La Vuelta Holanda aangepast,"In 2020 komt La Vuelta, een van de drie grootste wielerrondes van de wereld, naar de provincies Brabant en Utrecht. ",https://www.brabant.nl/actueel/nieuws/bestuur/2020/activatieprogramma-la-vuelta-holanda-aangepast,0.0,116,20
